{
  "users": [
    {
      "id": 1,
      "email": "admin1@gmail.com",
      "name": "admin1",
      "password": "Admin@11",
      "admin": "true",
      "adminid": 0,
      "staff": 1
    },
    {
      "id": 2,
      "email": "admin2@gmail.com",
      "name": "admin2",
      "password": "Admin@22",
      "admin": "true",
      "adminid": 0,
      "staff": 2
    },
    {
      "id": 3,
      "email": "staff1@gmail.com",
      "name": "staff1",
      "password": "Staff@11",
      "admin": "false",
      "adminid": 1,
      "staff": 1
    },
    {
      "id": 4,
      "email": "staff2@gmail.com",
      "name": "staff2",
      "password": "Staff@22",
      "admin": "false",
      "adminid": 1,
      "staff": 1
    },
    {
      "id": 5,
      "email": "staff3@gmail.com",
      "name": "staff3",
      "password": "Staff@33",
      "admin": "false",
      "adminid": 1,
      "staff": 1
    },
    {
      "id": 6,
      "email": "staff4@gmail.com",
      "name": "staff4",
      "password": "Staff@44",
      "admin": "false",
      "adminid": 2,
      "staff": 2
    },
    {
      "id": 7,
      "email": "staff5@gmail.com",
      "name": "staff5",
      "password": "staff@55",
      "admin": "false",
      "adminid": 2,
      "staff": 2
    },
    {
      "id": 8,
      "email": "staff6@gmail.com",
      "name": "staff6",
      "password": "staff@66",
      "admin": "false",
      "adminid": 2,
      "staff": 2
    }
  ],
  "usersDetails": [
    {
      "task": "footer",
      "taskDescription": "footer check",
      "priority": "MEDIUM",
      "date": "2023-09-08",
      "selectedStatus": "completed",
      "Touserid": 7,
      "staff": 2,
      "AssignedBy": "admin2",
      "id": 33,
      "name": "staff5"
    },
    {
      "task": "component ",
      "taskDescription": "change component",
      "priority": "MEDIUM",
      "date": "2023-09-08",
      "selectedStatus": "completed",
      "Touserid": 2,
      "staff": 2,
      "AssignedBy": "admin2",
      "id": 34
    },
    {
      "task": "check box",
      "taskDescription": "check box error",
      "priority": "MEDIUM",
      "date": "2023-09-08",
      "selectedStatus": "completed",
      "Touserid": 4,
      "staff": 1,
      "AssignedBy": "admin1",
      "id": 35,
      "name": "staff2"
    },
    {
      "task": "rant",
      "taskDescription": "rant",
      "priority": "MEDIUM",
      "date": "2023-09-08",
      "selectedStatus": "completed",
      "Touserid": 2,
      "staff": 2,
      "AssignedBy": "admin2",
      "id": 37
    },
    {
      "task": "ll",
      "taskDescription": "tyrty",
      "priority": "LOW",
      "date": "2023-09-20",
      "selectedStatus": "completed",
      "Touserid": 2,
      "staff": 2,
      "AssignedBy": "admin2",
      "id": 38,
      "name": "admin2"
    },
    {
      "task": "cvdfg",
      "taskDescription": "ddg",
      "priority": "LOW",
      "date": "2023-09-05",
      "selectedStatus": "completed",
      "Touserid": 1,
      "staff": 1,
      "AssignedBy": "admin1",
      "id": 39,
      "name": "admin1"
    },
    {
      "task": "dsd",
      "taskDescription": "asdf",
      "priority": "MEDIUM",
      "date": "2023-09-07",
      "selectedStatus": "completed",
      "Touserid": 3,
      "staff": 1,
      "AssignedBy": "admin1",
      "id": 40,
      "name": "staff1"
    },
    {
      "task": "paragraph",
      "taskDescription": "paragraph change",
      "priority": "MEDIUM",
      "date": "2023-09-08",
      "selectedStatus": "completed",
      "Touserid": 3,
      "staff": 1,
      "AssignedBy": "admin1",
      "id": 41,
      "name": "staff1"
    },
    {
      "task": "naveen",
      "taskDescription": "naveen data",
      "priority": "MEDIUM",
      "date": "2023-09-14",
      "selectedStatus": "pending",
      "Touserid": 4,
      "staff": 1,
      "AssignedBy": "admin1",
      "id": 42
    },
    {
      "task": "server",
      "taskDescription": "anand",
      "priority": "MEDIUM",
      "date": "2023-09-15",
      "selectedStatus": "pending",
      "Touserid": 4,
      "staff": 1,
      "AssignedBy": "admin1",
      "id": 43
    },
    {
      "task": "image size",
      "taskDescription": "re-size",
      "priority": "MEDIUM",
      "date": "2023-09-09",
      "selectedStatus": "pending",
      "Touserid": 4,
      "staff": 1,
      "AssignedBy": "admin1",
      "id": 44
    },
    {
      "task": "footer change",
      "taskDescription": "colour change",
      "priority": "MEDIUM",
      "date": "2023-09-13",
      "selectedStatus": "completed",
      "Touserid": 3,
      "staff": 1,
      "AssignedBy": "admin1",
      "id": 45,
      "name": "staff1"
    },
    {
      "task": "dsd",
      "taskDescription": "asdf",
      "priority": "MEDIUM",
      "date": "2023-09-07",
      "selectedStatus": "pending",
      "Touserid": "",
      "staff": 1,
      "AssignedBy": "staff1",
      "id": 46
    },
    {
      "task": "filed error",
      "taskDescription": "filed",
      "priority": "MEDIUM",
      "date": "2023-09-07",
      "selectedStatus": "pending",
      "Touserid": 3,
      "staff": 1,
      "AssignedBy": "staff1",
      "id": 47
    },
    {
      "task": "image change",
      "taskDescription": "image size",
      "priority": "MEDIUM",
      "date": "2023-09-11",
      "selectedStatus": "pending",
      "Touserid": 3,
      "staff": 1,
      "AssignedBy": "staff1",
      "id": 48
    },
    {
      "task": "paragraph",
      "taskDescription": "align Paragraph",
      "priority": "MEDIUM",
      "date": "2023-09-13",
      "selectedStatus": "completed",
      "Touserid": 3,
      "staff": 1,
      "AssignedBy": "staff1",
      "id": 49
    },
    {
      "task": "table",
      "taskDescription": "table merge",
      "priority": "MEDIUM",
      "date": "2023-09-11",
      "selectedStatus": "completed",
      "Touserid": 6,
      "staff": 2,
      "AssignedBy": "staff4",
      "id": 50
    },
    {
      "task": "login ",
      "taskDescription": "login field",
      "priority": "MEDIUM",
      "date": "2023-09-11",
      "selectedStatus": "completed",
      "Touserid": 8,
      "staff": 2,
      "AssignedBy": "staff6",
      "id": 51
    },
    {
      "task": "margin",
      "taskDescription": "margin Error",
      "priority": "MEDIUM",
      "date": "2023-09-11",
      "selectedStatus": "completed",
      "Touserid": 3,
      "staff": 1,
      "AssignedBy": "staff1",
      "id": 52
    },
    {
      "task": "image error",
      "taskDescription": "imgae ",
      "priority": "MEDIUM",
      "date": "2023-09-11",
      "selectedStatus": "completed",
      "Touserid": 4,
      "staff": 1,
      "AssignedBy": "staff2",
      "id": 53
    },
    {
      "task": "pending ",
      "taskDescription": "pending task",
      "priority": "MEDIUM",
      "date": "2023-09-10",
      "selectedStatus": "completed",
      "Touserid": 4,
      "staff": 1,
      "AssignedBy": "admin1",
      "id": 54
    }
  ]
}